insert into location (id, city, lat, lon, state) values (null, 'Florida', 2.3412, 2.3323, 'Miami')
insert into meteorology (date, id_location, id) values ('2020-09-20',1,37893)
insert into temperatures (id, hour, id_meteorology, temperature) values (null, 0, 37893, 31.0)
insert into temperatures (id, hour, id_meteorology, temperature) values (null, 1, 37893, 31.0)
insert into temperatures (id, hour, id_meteorology, temperature) values (null, 2, 37893, 31.0)
insert into temperatures (id, hour, id_meteorology, temperature) values (null, 3, 37893, 31.0)
insert into temperatures (id, hour, id_meteorology, temperature) values (null, 4, 37893, 31.0)
insert into temperatures (id, hour, id_meteorology, temperature) values (null, 5, 37893, 31.0)
insert into temperatures (id, hour, id_meteorology, temperature) values (null, 6, 37893, 31.0)
insert into temperatures (id, hour, id_meteorology, temperature) values (null, 7, 37893, 31.0)
insert into temperatures (id, hour, id_meteorology, temperature) values (null, 8, 37893, 31.0)
insert into temperatures (id, hour, id_meteorology, temperature) values (null, 9, 37893, 31.0)
insert into temperatures (id, hour, id_meteorology, temperature) values (null, 10, 37893, 31.0)
insert into temperatures (id, hour, id_meteorology, temperature) values (null, 11, 37893, 31.0)
insert into temperatures (id, hour, id_meteorology, temperature) values (null, 12, 37893, 31.0)
insert into temperatures (id, hour, id_meteorology, temperature) values (null, 13, 37893, 31.0)
insert into temperatures (id, hour, id_meteorology, temperature) values (null, 14, 37893, 31.0)
insert into temperatures (id, hour, id_meteorology, temperature) values (null, 15, 37893, 31.0)
insert into temperatures (id, hour, id_meteorology, temperature) values (null, 16, 37893, 31.0)
insert into temperatures (id, hour, id_meteorology, temperature) values (null, 17, 37893, 31.0)
insert into temperatures (id, hour, id_meteorology, temperature) values (null, 18, 37893, 31.0)
insert into temperatures (id, hour, id_meteorology, temperature) values (null, 19, 37893, 31.0)
insert into temperatures (id, hour, id_meteorology, temperature) values (null, 20, 37893, 31.0)
insert into temperatures (id, hour, id_meteorology, temperature) values (null, 21, 37893, 31.0)
insert into temperatures (id, hour, id_meteorology, temperature) values (null, 22, 37893, 31.0)
insert into temperatures (id, hour, id_meteorology, temperature) values (null, 23, 37893, 31.0)


insert into location (id, city, lat, lon, state) values (null, 'L.A', 2.3412, 2.3323, 'California')
insert into meteorology (date, id_location, id) values ('2020-09-19',2,32893)
insert into temperatures (id, hour, id_meteorology, temperature) values (null, 0, 32893, 31.0)
insert into temperatures (id, hour, id_meteorology, temperature) values (null, 1, 32893, 31.0)
insert into temperatures (id, hour, id_meteorology, temperature) values (null, 2, 32893, 31.0)
insert into temperatures (id, hour, id_meteorology, temperature) values (null, 3, 32893, 31.0)
insert into temperatures (id, hour, id_meteorology, temperature) values (null, 4, 32893, 31.0)
insert into temperatures (id, hour, id_meteorology, temperature) values (null, 5, 32893, 31.0)
insert into temperatures (id, hour, id_meteorology, temperature) values (null, 6, 32893, 31.0)
insert into temperatures (id, hour, id_meteorology, temperature) values (null, 7, 32893, 31.0)
insert into temperatures (id, hour, id_meteorology, temperature) values (null, 8, 32893, 31.0)
insert into temperatures (id, hour, id_meteorology, temperature) values (null, 9, 32893, 31.0)
insert into temperatures (id, hour, id_meteorology, temperature) values (null, 10, 32893, 31.0)
insert into temperatures (id, hour, id_meteorology, temperature) values (null, 11, 32893, 31.0)
insert into temperatures (id, hour, id_meteorology, temperature) values (null, 12, 32893, 31.0)
insert into temperatures (id, hour, id_meteorology, temperature) values (null, 13, 32893, 31.0)
insert into temperatures (id, hour, id_meteorology, temperature) values (null, 14, 32893, 31.0)
insert into temperatures (id, hour, id_meteorology, temperature) values (null, 15, 32893, 31.0)
insert into temperatures (id, hour, id_meteorology, temperature) values (null, 16, 32893, 31.0)
insert into temperatures (id, hour, id_meteorology, temperature) values (null, 17, 32893, 31.0)
insert into temperatures (id, hour, id_meteorology, temperature) values (null, 18, 32893, 31.0)
insert into temperatures (id, hour, id_meteorology, temperature) values (null, 19, 32893, 31.0)
insert into temperatures (id, hour, id_meteorology, temperature) values (null, 20, 32893, 31.0)
insert into temperatures (id, hour, id_meteorology, temperature) values (null, 21, 32893, 31.0)
insert into temperatures (id, hour, id_meteorology, temperature) values (null, 22, 32893, 31.0)
insert into temperatures (id, hour, id_meteorology, temperature) values (null, 23, 32893, 31.0)


insert into location (id, city, lat, lon, state) values (null, 'Kansas', 2.3412, 2.3323, 'K.C')
insert into meteorology (date, id_location, id) values ('2020-09-18',3,35893)
insert into temperatures (id, hour, id_meteorology, temperature) values (null, 0, 35893, 31.0)
insert into temperatures (id, hour, id_meteorology, temperature) values (null, 1, 35893, 31.0)
insert into temperatures (id, hour, id_meteorology, temperature) values (null, 2, 35893, 31.0)
insert into temperatures (id, hour, id_meteorology, temperature) values (null, 3, 35893, 31.0)
insert into temperatures (id, hour, id_meteorology, temperature) values (null, 4, 35893, 31.0)
insert into temperatures (id, hour, id_meteorology, temperature) values (null, 5, 35893, 31.0)
insert into temperatures (id, hour, id_meteorology, temperature) values (null, 6, 35893, 31.0)
insert into temperatures (id, hour, id_meteorology, temperature) values (null, 7, 35893, 31.0)
insert into temperatures (id, hour, id_meteorology, temperature) values (null, 8, 35893, 31.0)
insert into temperatures (id, hour, id_meteorology, temperature) values (null, 9, 35893, 31.0)
insert into temperatures (id, hour, id_meteorology, temperature) values (null, 10, 35893, 31.0)
insert into temperatures (id, hour, id_meteorology, temperature) values (null, 11, 35893, 31.0)
insert into temperatures (id, hour, id_meteorology, temperature) values (null, 12, 35893, 31.0)
insert into temperatures (id, hour, id_meteorology, temperature) values (null, 13, 35893, 31.0)
insert into temperatures (id, hour, id_meteorology, temperature) values (null, 14, 35893, 31.0)
insert into temperatures (id, hour, id_meteorology, temperature) values (null, 15, 35893, 31.0)
insert into temperatures (id, hour, id_meteorology, temperature) values (null, 16, 35893, 31.0)
insert into temperatures (id, hour, id_meteorology, temperature) values (null, 17, 35893, 31.0)
insert into temperatures (id, hour, id_meteorology, temperature) values (null, 18, 35893, 31.0)
insert into temperatures (id, hour, id_meteorology, temperature) values (null, 19, 35893, 31.0)
insert into temperatures (id, hour, id_meteorology, temperature) values (null, 20, 35893, 31.0)
insert into temperatures (id, hour, id_meteorology, temperature) values (null, 21, 35893, 31.0)
insert into temperatures (id, hour, id_meteorology, temperature) values (null, 22, 35893, 31.0)
insert into temperatures (id, hour, id_meteorology, temperature) values (null, 23, 35893, 31.0)


insert into location (id, city, lat, lon, state) values (null, 'Meryland', 2.3412, 2.3323, 'Baltimore')
insert into meteorology (date, id_location, id) values ('2020-09-17',4,23536)
insert into temperatures (id, hour, id_meteorology, temperature) values (null, 0, 23536, 31.0)
insert into temperatures (id, hour, id_meteorology, temperature) values (null, 1, 23536, 31.0)
insert into temperatures (id, hour, id_meteorology, temperature) values (null, 2, 23536, 31.0)
insert into temperatures (id, hour, id_meteorology, temperature) values (null, 3, 23536, 31.0)
insert into temperatures (id, hour, id_meteorology, temperature) values (null, 4, 23536, 31.0)
insert into temperatures (id, hour, id_meteorology, temperature) values (null, 5, 23536, 31.0)
insert into temperatures (id, hour, id_meteorology, temperature) values (null, 6, 23536, 31.0)
insert into temperatures (id, hour, id_meteorology, temperature) values (null, 7, 23536, 31.0)
insert into temperatures (id, hour, id_meteorology, temperature) values (null, 8, 23536, 31.0)
insert into temperatures (id, hour, id_meteorology, temperature) values (null, 9, 23536, 31.0)
insert into temperatures (id, hour, id_meteorology, temperature) values (null, 10, 23536, 31.0)
insert into temperatures (id, hour, id_meteorology, temperature) values (null, 11, 23536, 31.0)
insert into temperatures (id, hour, id_meteorology, temperature) values (null, 12, 23536, 31.0)
insert into temperatures (id, hour, id_meteorology, temperature) values (null, 13, 23536, 31.0)
insert into temperatures (id, hour, id_meteorology, temperature) values (null, 14, 23536, 31.0)
insert into temperatures (id, hour, id_meteorology, temperature) values (null, 15, 23536, 31.0)
insert into temperatures (id, hour, id_meteorology, temperature) values (null, 16, 23536, 31.0)
insert into temperatures (id, hour, id_meteorology, temperature) values (null, 17, 23536, 31.0)
insert into temperatures (id, hour, id_meteorology, temperature) values (null, 18, 23536, 31.0)
insert into temperatures (id, hour, id_meteorology, temperature) values (null, 19, 23536, 31.0)
insert into temperatures (id, hour, id_meteorology, temperature) values (null, 20, 23536, 31.0)
insert into temperatures (id, hour, id_meteorology, temperature) values (null, 21, 23536, 31.0)
insert into temperatures (id, hour, id_meteorology, temperature) values (null, 22, 23536, 31.0)
insert into temperatures (id, hour, id_meteorology, temperature) values (null, 23, 23536, 31.0)


insert into location (id, city, lat, lon, state) values (null, 'Florida', 2.3412, 2.3323, 'Tampa bay')
insert into meteorology (date, id_location, id) values ('2020-09-16',5,37895)
insert into temperatures (id, hour, id_meteorology, temperature) values (null, 0, 37895, 31.0)
insert into temperatures (id, hour, id_meteorology, temperature) values (null, 1, 37895, 31.0)
insert into temperatures (id, hour, id_meteorology, temperature) values (null, 2, 37895, 31.0)
insert into temperatures (id, hour, id_meteorology, temperature) values (null, 3, 37895, 31.0)
insert into temperatures (id, hour, id_meteorology, temperature) values (null, 4, 37895, 31.0)
insert into temperatures (id, hour, id_meteorology, temperature) values (null, 5, 37895, 31.0)
insert into temperatures (id, hour, id_meteorology, temperature) values (null, 6, 37895, 31.0)
insert into temperatures (id, hour, id_meteorology, temperature) values (null, 7, 37895, 31.0)
insert into temperatures (id, hour, id_meteorology, temperature) values (null, 8, 37895, 31.0)
insert into temperatures (id, hour, id_meteorology, temperature) values (null, 9, 37895, 31.0)
insert into temperatures (id, hour, id_meteorology, temperature) values (null, 10, 37895, 31.0)
insert into temperatures (id, hour, id_meteorology, temperature) values (null, 11, 37895, 31.0)
insert into temperatures (id, hour, id_meteorology, temperature) values (null, 12, 37895, 31.0)
insert into temperatures (id, hour, id_meteorology, temperature) values (null, 13, 37895, 31.0)
insert into temperatures (id, hour, id_meteorology, temperature) values (null, 14, 37895, 31.0)
insert into temperatures (id, hour, id_meteorology, temperature) values (null, 15, 37895, 31.0)
insert into temperatures (id, hour, id_meteorology, temperature) values (null, 16, 37895, 31.0)
insert into temperatures (id, hour, id_meteorology, temperature) values (null, 17, 37895, 31.0)
insert into temperatures (id, hour, id_meteorology, temperature) values (null, 18, 37895, 31.0)
insert into temperatures (id, hour, id_meteorology, temperature) values (null, 19, 37895, 31.0)
insert into temperatures (id, hour, id_meteorology, temperature) values (null, 20, 37895, 31.0)
insert into temperatures (id, hour, id_meteorology, temperature) values (null, 21, 37895, 31.0)
insert into temperatures (id, hour, id_meteorology, temperature) values (null, 22, 37895, 31.0)
insert into temperatures (id, hour, id_meteorology, temperature) values (null, 23, 37895, 31.0)
